timestamp,elapsed_time,Test_fast_Dissolving_1_avg_intensity,Test_fast_Dissolving_1_std_intensity,Test_fast_Dissolving_1_min_intensity,Test_fast_Dissolving_1_max_intensity
15_04_06,0.00,214.84755357142856,2.6314389220921566,183,231
15_04_08,2.06,216.52205714285714,2.6411954646426645,186,232
15_04_10,4.08,215.13302142857142,2.323678951785161,188,230
15_04_12,6.16,217.89389642857142,2.679693991722368,192,233
15_04_14,8.25,217.05515357142858,3.0676557262814295,183,236
15_04_16,10.33,219.9756642857143,2.542646383230091,194,234
15_04_18,12.44,219.985925,2.7333910979541516,193,235
15_04_20,14.52,218.94857142857143,2.559692663311798,183,236
15_04_22,16.62,218.48002142857143,2.299944284939644,191,232
15_04_24,18.71,218.80257142857144,2.3006242542370265,188,231
15_04_26,20.79,218.73684642857143,2.357685801946801,191,232
15_04_29,22.88,217.98142142857142,2.9623478588247654,190,237
15_04_31,24.98,218.89153214285713,3.2381259586320663,189,239
15_04_33,27.06,219.91947142857143,3.1579651234002326,194,240
15_04_35,29.16,220.8403,3.791278928013607,191,240
15_04_37,31.25,220.10636785714286,3.057265962372447,192,241
15_04_39,33.32,222.0848892857143,2.2873419278466445,199,235
15_04_41,35.43,218.58623571428572,2.5910090094972498,195,233
15_04_43,37.51,218.26464285714286,2.404015958680773,194,232
15_04_45,39.63,219.486175,3.117272436089533,194,238
15_04_47,41.71,219.37952142857142,2.927234052743445,193,234
15_04_49,43.79,218.42998214285714,3.2372802186352105,178,237
15_04_52,45.86,219.4473,2.8157505715934024,192,238
15_04_54,47.98,219.03096785714285,2.3640918504868345,191,233
15_04_56,50.04,219.0175357142857,2.770422801437443,190,234
15_04_58,52.15,219.7630107142857,2.538460656978568,191,233
15_05_00,54.22,219.42594285714284,2.9646358190495907,191,236
15_05_02,56.33,218.97242142857144,3.045197060402442,190,238
15_05_04,58.41,218.85108571428572,2.786464009881941,190,237
15_05_06,60.51,218.29228571428573,2.2671310828751774,190,232
15_05_08,62.58,218.37301428571428,2.3260288782930147,189,233
15_05_10,64.69,218.65029285714286,2.651371192411386,189,233
15_05_12,66.78,218.33261071428572,2.387734006159589,191,232
15_05_15,68.88,219.914675,3.600581550460683,192,239
15_05_17,70.94,219.41387142857144,3.0299156773812723,192,237
15_05_19,73.05,219.631025,3.3177160204321505,193,239
15_05_21,75.14,218.42982142857142,2.2345381362594727,194,231
15_05_23,77.23,218.8564607142857,2.4088942428958218,191,234
15_05_25,79.31,218.96901428571428,2.4893237520766682,193,234
15_05_27,81.42,219.94819285714286,2.651098482291091,195,233
15_05_29,83.49,217.9564,2.650910713590439,195,234
15_05_31,85.59,218.59276785714286,4.384479263310001,180,238
15_05_33,87.68,219.04471785714287,2.7395262153666504,196,238
15_05_35,89.77,219.53914285714285,2.23434313956163,198,232
15_05_38,91.85,219.58833214285715,2.3203935019661728,197,233
15_05_40,93.96,221.5218857142857,6.839069455379892,133,239
15_05_42,96.03,216.4559607142857,13.140526320124518,102,237
15_05_44,98.14,220.76451428571428,2.914357938320731,197,241
15_05_46,100.22,220.1199,3.2818835604399066,202,238
15_05_48,102.31,218.61337857142857,2.9205580948262444,190,236
15_05_50,104.40,217.79988571428572,2.512273583503068,199,235
15_05_52,106.48,218.94464285714287,2.4436067928705847,195,233
15_05_54,108.58,220.01774642857143,3.1270654991063953,197,235
15_05_56,110.66,217.98705714285714,4.956826135703354,170,240
15_05_58,112.77,219.23150357142856,2.6174351588342226,199,234
15_06_01,114.84,218.76512857142856,2.460390441845873,199,232
15_06_03,116.94,217.15211785714285,2.512589617528038,200,232
15_06_05,119.02,218.56154285714285,2.647088355618108,200,233
15_06_07,121.12,218.40736071428572,2.509837095999785,202,234
15_06_09,123.20,218.09005,2.8457358320953525,196,234
15_06_11,125.30,218.54171071428573,2.578312613047434,198,232
15_06_13,127.38,218.5638857142857,2.513402085636445,201,232
15_06_15,129.48,218.74993571428573,2.613099554471974,202,234
15_06_17,131.56,218.60952857142857,2.476219019977425,202,231
15_06_19,133.66,218.53424285714286,2.6375622399465457,202,234
15_06_21,135.75,218.38862142857144,2.405253586178915,203,231
15_06_23,137.84,219.32795,2.778905015147924,205,234
15_06_26,139.93,219.0163357142857,2.5736433877474,197,233
15_06_28,142.02,218.65538571428573,2.8475587779853875,203,238
15_06_30,144.10,219.22492857142856,2.6003310219026705,203,234
15_06_32,146.21,218.89741785714287,2.6524385903156,204,233
15_06_34,148.28,218.04529285714287,2.6981657764288385,199,233
15_06_36,150.39,219.17771428571427,2.781760065358709,201,234
15_06_38,152.46,219.1730107142857,2.9907654550345573,198,237
15_06_40,154.57,217.71438928571428,2.8170110968693756,201,233
15_06_42,156.64,218.3815,2.7919170129398294,200,234
15_06_44,158.75,217.91870714285713,2.729605944863598,201,233
15_06_46,160.82,218.11223928571428,2.431762776235627,202,231
15_06_49,162.92,218.52726785714285,2.904236935625699,203,237
15_06_51,165.01,219.07716071428572,2.7488503718878667,201,235
15_06_53,167.10,218.70046785714285,2.572116651091855,201,231
15_06_55,169.18,218.3799642857143,2.5083429359716294,201,232
15_06_57,171.29,218.47829642857144,2.683093967922393,203,233
15_06_59,173.36,218.57728214285714,3.020987120906199,202,236
15_07_01,175.46,218.7663107142857,3.0444387290410697,197,238
15_07_03,177.54,218.96905714285714,2.601731505229954,199,233
15_07_05,179.65,218.2000392857143,2.751960729298202,198,233
15_07_07,181.72,218.8106857142857,2.664071017622987,199,233
15_07_09,183.82,218.34872857142858,2.859723230471431,201,233
15_07_12,185.90,218.18353214285713,2.4425188014415378,200,231
15_07_14,188.01,218.61959285714286,2.792293804630442,197,233
15_07_16,190.09,218.32239285714286,2.817387085318666,202,232
15_07_18,192.19,219.052275,2.49971559155451,202,234
15_07_20,194.29,219.27199285714286,3.0197951491460673,201,235
15_07_22,196.36,218.54731785714284,2.542364679437738,201,232
15_07_24,198.45,218.56906785714287,2.575053603263653,202,232
15_07_26,200.53,218.44512142857144,2.6891851765593473,200,235
15_07_28,202.63,219.06897142857142,2.6527021424062163,202,235
15_07_30,204.72,219.15480357142857,2.6604477598412615,203,233
15_07_32,206.82,218.35641785714284,2.6576369519278873,201,233
15_07_35,208.90,218.35417142857142,2.5874998466331416,193,231
15_07_37,210.99,218.3976607142857,2.9869713924259336,200,236
15_07_39,213.08,218.023325,2.4239406113253152,202,231
15_07_41,215.18,217.99127857142858,2.8883563679214252,201,234
15_07_43,217.25,218.179825,2.5857760864728796,197,232
15_07_45,219.38,218.95077142857141,2.6365964487326057,201,234
15_07_47,221.43,218.55076428571428,2.733637318170777,201,233
15_07_49,223.54,218.7589142857143,2.884840766800816,202,234
15_07_51,225.61,218.44364285714286,2.608486619455341,200,233
15_07_53,227.72,218.43311428571428,2.5733714436394086,198,232
15_07_55,229.79,218.1722892857143,2.468090349532738,200,233
15_07_58,231.89,218.72795357142857,2.520880236995197,203,232
15_08_00,233.98,218.65196428571429,2.666277447546658,201,237
15_08_02,236.08,218.49595357142857,2.4337532855627018,201,233
15_08_04,238.16,218.90168214285714,3.4090993823833933,200,239
15_08_06,240.25,218.2737642857143,2.3901157118155067,199,231
15_08_08,242.35,218.02898214285713,3.1020925022536425,200,238
15_08_10,244.43,218.8636642857143,2.7443783582097794,197,237
15_08_12,246.51,218.93390714285715,2.9916985653075523,201,239
15_08_14,248.63,218.58862857142856,2.3411707948401044,200,234
15_08_16,250.69,218.7540642857143,2.6673919678504436,199,238
15_08_18,252.80,218.78618214285714,2.4105600554870428,202,235
15_08_21,254.88,219.31448571428572,2.9350259465529045,201,238
15_08_23,256.98,219.51214642857144,2.385522322257171,200,232
15_08_25,259.06,219.30754642857144,3.3885538710680256,201,239
15_08_27,261.17,218.98381785714287,2.3218555377655496,199,232
15_08_29,263.25,219.27001785714285,3.0426810897573273,203,239
15_08_31,265.35,219.2863,2.468995636459721,203,233
15_08_33,267.42,218.26609285714287,3.3099603394180437,200,238
15_08_35,269.52,219.05993928571428,2.7122559396244412,203,234
15_08_37,271.59,218.19642857142858,2.515627178665554,202,233
15_08_39,273.70,219.12900714285715,3.210512867343401,202,240
15_08_41,275.77,218.8951142857143,2.5141966313764104,204,232
15_08_44,277.88,218.21005357142857,2.9351178482037796,199,233
15_08_46,279.95,218.59529642857143,2.5201850877298306,201,232
15_08_48,282.06,218.72993571428572,3.390932382758284,182,238
15_08_50,284.14,218.41962142857142,2.4419905521282574,195,234
15_08_52,286.24,218.422625,2.7735405883255586,201,234
15_08_54,288.31,218.87302142857143,2.558591551637784,199,232
15_08_56,290.43,218.47548214285715,2.9432463156659385,203,235
15_08_58,292.53,219.02946785714286,2.465238224297657,195,232
15_09_00,294.60,218.8365,2.551574422922891,201,236
15_09_02,296.68,217.97405357142858,2.500084640850349,202,233
15_09_04,298.79,218.2557,5.164253819285029,178,240
15_09_07,300.86,218.56682857142857,2.5555133002500887,200,232
15_09_09,302.96,217.96017142857144,2.8560523653234,203,236
15_09_11,305.04,219.32219642857143,2.5066013196560655,201,235
15_09_13,307.15,218.64463928571428,2.795039134384767,195,234
15_09_15,309.23,218.45041785714287,2.50077962922902,202,233
15_09_17,311.32,218.46608928571428,2.7700000114542656,204,235
15_09_19,313.40,218.48308571428572,2.779573383210643,201,235
15_09_21,315.51,218.447325,3.0854341535355396,200,236
15_09_23,317.58,218.613225,2.536852963125348,197,232
15_09_25,319.68,218.37381785714285,3.0537973192116037,189,237
15_09_27,321.76,218.563775,2.7806134792170547,197,233
15_09_29,323.86,218.38526071428572,2.5332445111865205,200,231
15_09_32,325.95,218.3737857142857,2.4520396663818884,201,232
15_09_34,328.05,218.17588571428573,2.9444621024311144,202,235
15_09_36,330.12,218.63590714285715,2.50413243430143,204,232
15_09_38,332.22,218.47892142857143,2.4455495980829487,200,232
15_09_40,334.31,218.89489642857143,3.2600930677975333,201,239
15_09_42,336.40,218.24820357142858,2.487696579738854,197,233
15_09_44,338.48,218.2293892857143,2.4533749026070897,194,232
15_09_46,340.58,218.88835357142858,2.371903109467486,199,232
15_09_48,342.67,219.56233571428572,3.897866629160686,188,241
15_09_50,344.77,218.74122142857144,2.466547197914691,203,232
15_09_53,346.85,218.95951428571428,2.475539662623988,194,233
15_09_55,348.94,218.156875,2.398191480518631,201,232
15_09_57,351.02,218.474075,2.5616120833966196,198,235
15_09_59,353.12,219.101575,2.563967423339545,203,233
15_10_01,355.20,219.02515357142858,2.4279869994036125,204,233
15_10_03,357.31,218.0500607142857,2.3837719951549903,198,233
15_10_05,359.38,218.81487142857142,3.5728778293512056,204,239
15_10_07,361.48,218.19603928571428,2.452918238378711,201,232
15_10_09,363.56,218.90802857142856,2.6018589177269207,204,234
15_10_11,365.66,218.653975,2.585146911979638,196,234
15_10_13,367.75,218.78473214285714,2.8680504390804726,206,237
15_10_15,369.85,217.92231071428571,2.45471341429377,199,232
15_10_18,371.93,218.17815,2.797727088765858,200,232
15_10_20,374.02,218.58569642857142,2.7004085102313873,204,237
15_10_22,376.10,218.99506071428573,2.4426011961547536,203,231
15_10_24,378.21,219.02703571428572,3.2501238106322616,204,237
15_10_26,380.28,217.9081892857143,2.4883520234770535,201,233
15_10_28,382.38,218.59783214285713,2.4951567973280855,202,234
15_10_30,384.47,218.47406785714287,2.512019468412043,196,233
15_10_32,386.56,219.03432857142857,3.739396453292691,201,238
15_10_34,388.64,218.55158214285714,2.6363916080714747,201,234
15_10_36,390.75,218.54344642857143,2.6070464091137615,202,233
15_10_38,392.83,218.27426428571428,2.524243980484098,201,232
15_10_41,394.92,218.79172857142856,2.3774584594323684,193,231
15_10_43,397.01,218.39514642857142,2.7098784922657306,199,233
15_10_45,399.11,218.27813571428572,2.4370557081114854,200,233
15_10_47,401.19,218.16361785714287,2.655474920605886,198,233
15_10_49,403.29,218.52677857142857,3.6932908352614917,184,239
15_10_51,405.38,218.56667142857142,2.4104929680842617,195,231
15_10_53,407.46,218.52510714285714,2.7100813751525945,192,234
15_10_55,409.55,218.45410714285714,2.4371340580878673,195,233
15_10_57,411.63,218.36800357142857,2.4951134700767965,203,235
15_10_59,413.74,218.90704642857142,3.315220148581188,200,238
15_11_01,415.82,218.30811785714286,2.6882819447894826,198,232
15_11_04,417.91,218.68331785714287,3.0501197152797572,201,238
15_11_06,419.99,219.38488928571428,2.7518733012829233,201,235
15_11_08,422.10,218.67093571428572,3.305478501584722,202,237
15_11_10,424.18,218.46465714285713,2.470601609126896,197,233
15_11_12,426.28,218.27415,2.6644884913163245,197,235
15_11_14,428.35,218.97714642857142,2.541597332385137,198,235
15_11_16,430.46,219.22707142857143,3.10042669792138,203,237
15_11_18,432.53,218.16389642857143,2.408200001332077,197,232
15_11_20,434.64,217.98374642857144,2.9708398463808825,198,236
15_11_22,436.73,218.57558928571427,2.733405877007041,194,233
15_11_24,438.82,218.30613214285714,2.582511423782446,191,232
15_11_27,440.89,217.74780357142856,2.4044944146300784,195,231
15_11_29,443.01,218.27272142857143,2.6536783408476006,194,233
15_11_31,445.08,218.31936071428572,2.6373684432781648,203,233
15_11_33,447.18,218.31957142857144,2.462758868606092,197,231
15_11_35,449.26,218.64650357142858,3.7116064470582533,181,237
15_11_37,451.36,218.35893214285716,2.388264433126756,198,231
15_11_39,453.43,218.13323571428572,2.7199931121517675,200,233
15_11_41,455.54,218.34792857142858,2.9371030422190234,200,237
15_11_43,457.62,218.38100357142858,2.912481243346365,204,235
15_11_45,459.72,218.17270714285715,2.436565372452521,196,231
15_11_47,461.81,217.42714285714285,2.525566212530876,201,231
15_11_50,463.91,218.39502857142858,2.815713992027237,198,236
15_11_52,465.98,218.130975,2.9672833618269423,203,236
15_11_54,468.08,217.8657142857143,2.675360361002699,194,233
15_11_56,470.15,218.9134857142857,2.662729720433832,195,235
15_11_58,472.26,218.43129285714286,2.6312735998166046,194,233
15_12_00,474.35,218.3200642857143,2.464243203763768,194,232
15_12_02,476.44,217.75581785714286,3.256323530955201,199,237
15_12_04,478.51,219.06422142857141,2.834690188584125,196,236
15_12_06,480.65,218.62159642857142,2.654169231333728,199,236
15_12_08,482.70,218.40159642857142,2.605737273235754,197,232
15_12_10,484.80,218.69973214285713,2.9438810510172218,197,237
15_12_13,486.89,219.01442857142857,2.5299715615083134,196,233
15_12_15,488.98,218.60747142857142,3.585007456543067,199,240
15_12_17,491.06,218.31738214285716,2.7777638752824148,197,233
15_12_19,493.16,218.27821428571428,2.8330114638104864,195,233
15_12_21,495.24,217.75506071428572,2.568325141415717,200,232
15_12_23,497.34,218.66376785714286,2.68228209400577,199,233
15_12_25,499.42,218.16797142857143,2.9361235180879897,202,236
15_12_27,501.52,218.00408214285713,2.6948126983088896,198,232
15_12_29,503.60,219.17289285714287,3.3175282627635134,201,239
15_12_31,505.71,217.76651785714284,2.475559896922826,193,231
15_12_33,507.78,218.40554285714285,2.6399782179064295,194,235
15_12_36,509.89,218.27344642857142,2.4125435408331626,198,232
15_12_38,511.96,217.69201785714284,5.635440837082095,176,239
15_12_40,514.06,217.76184642857143,2.8768088752969394,193,234
15_12_42,516.14,218.20555357142857,2.502067976263712,196,234
15_12_44,518.24,218.30793214285714,2.443921601728543,201,232
15_12_46,520.32,218.06779285714285,3.2557537836803587,203,236
15_12_48,522.43,218.348475,2.4375538446983223,195,232
15_12_50,524.50,218.088725,2.538670071418863,203,232
15_12_52,526.61,218.48450714285715,2.723114545611405,198,234
15_12_54,528.68,219.28360714285714,3.839454368222556,200,239
15_12_56,530.78,218.044975,2.507598901215065,197,231
15_12_59,532.86,218.709625,2.6034798557651637,202,233
15_13_01,534.96,219.0820892857143,2.724441081453915,200,235
15_13_03,537.04,218.7268,2.750887709189786,198,234
15_13_05,539.14,218.41382857142858,2.3656280167155166,201,231
15_13_07,541.22,218.43235,2.6411905957757544,202,232
15_13_09,543.33,218.24064285714286,2.430453723283043,201,232
15_13_11,545.40,218.53752142857144,2.617063375966759,201,234
15_13_13,547.50,219.24405357142857,2.5240087157397264,201,234
15_13_15,549.59,217.84705714285715,2.563633286042706,199,232
15_13_17,551.68,218.92167142857141,2.6200068823324467,202,232
15_13_19,553.76,218.69536428571428,2.5222093368165317,201,234
15_13_22,555.86,218.69211071428572,4.4279083148689065,172,237
15_13_24,557.94,218.42728571428572,2.37996513865739,200,231
15_13_26,560.04,218.66191785714287,2.5132940323910673,190,232
15_13_28,562.12,218.79679285714286,2.6233320687259782,199,232
15_13_30,564.23,218.97229285714286,4.487705048234451,176,239
15_13_32,566.31,218.55527857142857,2.5550554916195267,200,232
15_13_34,568.41,218.25825714285713,2.9580621730436696,193,237
15_13_36,570.48,218.75478214285715,2.6842597388098284,200,234
15_13_38,572.58,218.559,2.609363168065561,201,233
15_13_40,574.66,217.56213214285714,2.2693651465228224,201,231
15_13_42,576.76,218.55654642857144,2.573019835299446,202,232
15_13_45,578.85,217.89976071428572,2.3892299895033844,202,232
15_13_47,580.95,218.03992857142856,2.6980162014838585,200,234
15_13_49,583.02,218.24197142857142,2.4859461778533487,203,233
15_13_51,585.13,217.50739285714286,2.7198153146240034,197,234
15_13_53,587.21,218.30769285714285,2.442128045655581,196,231
15_13_55,589.30,218.86629285714287,2.42581670487761,202,231
15_13_57,591.38,217.9679392857143,2.4973980681099857,201,235
15_13_59,593.49,218.29889285714285,2.6229860687948454,202,232
15_14_01,595.57,218.33395714285714,3.10339694959164,201,235
15_14_03,597.67,218.64681071428572,3.0597730144383597,202,237
15_14_05,599.75,218.299425,2.739180995574747,199,233
15_14_07,601.84,218.0792,2.5271961176653583,198,231
15_14_10,603.94,217.7679892857143,2.9339045704413484,199,235
15_14_12,606.02,218.45210714285713,2.5258136997140674,200,232
15_14_14,608.10,218.22084642857143,2.5147994235528066,204,233
15_14_16,610.20,218.130925,2.419533175476654,199,232
15_14_18,612.28,218.31892142857143,2.5705175648046814,201,232
15_14_20,614.39,219.07693928571427,2.6382174020727502,205,234
15_14_22,616.48,218.46118928571428,2.553017992751672,201,235
15_14_24,618.56,217.52464642857143,2.3184815805334664,199,231
15_14_26,620.64,218.0457607142857,2.6117554769376428,192,233
15_14_28,622.74,217.83945714285716,2.4518180408232015,201,234
15_14_30,624.82,218.23666785714286,2.4914652395088965,193,231
15_14_33,626.93,218.38890357142859,2.73275771454694,203,236
15_14_35,629.01,218.14181428571428,2.5475764662173517,197,232
15_14_37,631.11,218.3596357142857,2.9097504819650633,202,236
15_14_39,633.20,218.253,2.620595270435435,201,233
15_14_41,635.28,218.23855357142858,3.3160910799767747,201,238
15_14_43,637.36,218.41942142857144,2.5113897591568612,200,232
15_14_45,639.47,218.63766071428572,2.686759776975031,203,236
15_14_47,641.54,218.26512857142856,2.314801684942415,200,231
15_14_49,643.65,218.22965,3.4130396201814843,200,241
15_14_51,645.73,218.74935714285715,3.101339505696181,200,235
15_14_53,647.83,218.55164285714287,2.7811465032336895,203,234
15_14_56,649.91,218.11359642857144,2.5909401481732104,201,234
15_14_58,652.01,218.6875892857143,2.900023936334626,199,236
15_15_00,654.09,218.29159285714286,2.353522139858923,203,232
15_15_02,656.19,218.47096071428572,2.7315091861772895,201,233
15_15_04,658.27,218.18387142857142,2.6626286443578833,200,234
15_15_06,660.37,218.60192142857142,3.0927954104611226,196,236
15_15_08,662.44,217.94655,2.422618172924845,200,231
15_15_10,664.56,218.18250357142858,2.6909696108309764,201,234
15_15_12,666.64,217.96877142857142,2.571276043254058,193,232
15_15_14,668.73,218.9602607142857,2.96852104889663,202,236
15_15_16,670.82,217.98519642857144,2.4425203897353565,195,231
15_15_19,672.89,218.14858928571428,2.576159200082735,201,233
15_15_21,675.00,218.21891428571428,2.645543037654393,198,233
15_15_23,677.08,217.93042857142856,2.531050564327721,198,232
15_15_25,679.19,217.4039892857143,2.5163642593232582,189,231
15_15_27,681.25,218.50892142857143,2.6995566529335813,198,233
15_15_29,683.36,218.52654285714286,2.8848847052263595,201,237
15_15_31,685.44,218.21545714285713,2.621956672224087,195,234
15_15_33,687.54,218.5711142857143,3.338629943738073,188,238
15_15_35,689.61,217.99369642857144,2.3860890551848564,200,234
15_15_37,691.72,217.96226071428572,2.7253729816615775,193,232
15_15_39,693.81,218.14771428571427,2.5601119793748817,201,232
15_15_42,695.90,218.05308571428571,2.901495263494606,202,235
15_15_44,697.98,217.606125,2.452392778801523,199,234
15_15_46,700.08,217.33887142857142,2.731550137723626,195,233
15_15_48,702.16,218.24954285714287,2.7698013992018287,195,235
15_15_50,704.27,218.16457142857143,2.704357956925021,204,232
15_15_52,706.33,217.94151785714286,2.4447504655827017,200,231
15_15_54,708.44,218.07415357142858,2.6520082346055824,196,233
15_15_56,710.52,217.69798571428572,2.431340359277792,201,233
15_15_58,712.62,217.76634642857144,2.4932571083942934,194,232
15_16_00,714.69,218.42722142857144,2.607481624556146,199,232
15_16_02,716.80,218.43525,2.6104967251053415,198,233
15_16_05,718.88,217.87264285714286,2.8871256370095066,203,237
15_16_07,720.98,218.58682142857143,2.6596209256418937,197,232
15_16_09,723.07,218.460275,2.873945855703941,195,233
15_16_11,725.16,217.86494285714286,2.385701962500251,201,231
15_16_13,727.24,218.24758571428572,2.7137719979649684,201,234
15_16_15,729.34,218.02659285714284,2.4559781216930037,201,233
15_16_17,731.42,218.217925,2.550702588381288,200,233
15_16_19,733.53,218.28278928571427,2.5238883419720346,200,234
15_16_21,735.60,218.4756857142857,2.800472197647375,194,234
15_16_23,737.70,218.53284285714287,2.7133940113850787,203,234
15_16_25,739.78,218.52925357142857,2.6158680504050853,200,234
15_16_28,741.94,217.90493928571428,2.509740146600168,199,233
15_16_30,743.96,218.8147607142857,3.050793335913896,200,238
15_16_32,746.07,218.5035892857143,2.6706689857250696,200,232
15_16_34,748.14,218.25896785714286,2.6576835924425364,199,233
15_16_36,750.24,218.38664285714285,2.438197551680423,195,233
15_16_38,752.33,218.05537142857142,2.666080269777705,193,234
15_16_40,754.42,218.1321142857143,2.713144477975205,196,234
15_16_42,756.51,218.10633214285716,2.6198794772652056,195,232
15_16_44,758.60,218.86754285714287,3.728869720306733,199,239
15_16_46,760.69,217.71789642857144,2.529864423948183,198,232
15_16_48,762.79,218.64543214285715,2.9196439715135485,197,235
15_16_51,764.86,218.28928214285713,2.9267201509238943,194,237
15_16_53,766.96,218.10788214285714,2.5708532519870806,196,233
15_16_55,769.05,217.88479642857143,2.502954595784485,200,232
15_16_57,771.15,217.45287142857143,2.944954578458499,194,235
15_16_59,773.23,218.40064642857143,2.6545043140968287,201,233
15_17_01,775.32,218.93184285714287,2.7977460884265604,197,234
15_17_03,777.40,218.0456607142857,2.633540004692121,199,233
15_17_05,779.51,218.64005357142858,2.49620125619226,195,232
15_17_07,781.59,217.92595714285713,2.5019342113979066,200,233
15_17_09,783.69,217.91686785714285,2.5220215340580565,203,233
15_17_11,785.76,218.458175,3.114567263811069,198,237
15_17_13,787.86,217.88262857142857,2.7232928501641362,197,233
15_17_16,789.94,217.37580357142858,2.5459681495569964,191,233
15_17_18,792.08,217.96203214285714,2.631638112679951,199,233
15_17_20,794.12,219.2228392857143,3.7183555038137968,203,240
15_17_22,796.23,218.98051785714287,2.8981229916415074,200,236
15_17_24,798.30,218.1878607142857,2.530993127049325,192,234
15_17_26,800.42,217.9843,2.5789553413847908,195,233
15_17_28,802.48,218.49695357142858,2.5703303021460298,198,233
15_17_30,804.59,218.753725,2.8394633640537736,200,234
15_17_32,806.66,217.09262857142858,2.3201243696431977,201,231
15_17_34,808.76,216.59471428571428,2.5581872607814486,200,232
15_17_37,810.85,218.02029642857144,4.140645073707214,167,239
15_17_39,812.95,218.84281785714285,2.6952333961423682,198,234
15_17_41,815.02,218.47337857142858,2.8756437564181225,202,237
15_17_43,817.13,219.04750714285714,2.550752031954578,201,233
15_17_45,819.21,218.379325,2.904649298000535,197,236
15_17_47,821.31,218.97808928571428,2.3973531369943464,203,236
15_17_49,823.38,217.07871785714286,2.4858413204376917,201,231
15_17_51,825.50,218.63824285714287,2.657824631083066,199,235
15_17_53,827.56,218.40932857142857,2.5564680111514826,200,235
15_17_55,829.67,218.5129,2.4801176564832565,199,233
15_17_57,831.75,217.9627,2.5460687054471145,194,235
15_17_59,833.85,218.53175714285715,2.461223284325525,199,232
15_18_02,835.93,218.74565357142856,2.7472292602836537,201,234
15_18_04,838.03,218.74389285714287,2.450906943493217,193,232
15_18_06,840.12,218.44536428571428,2.5782414984711526,201,233
15_18_08,842.21,218.34338571428572,2.561141033617952,191,233
15_18_10,844.29,218.58645357142856,2.3877957695603076,203,232
15_18_12,846.39,218.61121785714286,2.297242574347648,200,232
15_18_14,848.46,218.23348214285716,2.5198151185799285,199,233
15_18_16,850.56,218.4436142857143,2.452331093894467,201,236
15_18_18,852.65,217.78595,2.3241182101267692,196,231
15_18_20,854.75,218.90471428571428,2.8511625305320996,198,236
15_18_22,856.83,218.34769285714285,2.2968664287192566,191,232
15_18_25,858.93,218.79899642857143,2.5815100218369067,198,235
15_18_27,861.01,218.26089642857144,2.3298070543934597,196,232
15_18_29,863.11,218.93176428571428,2.7694121916565466,200,235
15_18_31,865.19,217.70363928571427,2.2323823689757485,198,232
15_18_33,867.29,218.7606607142857,2.41039243823776,199,233
15_18_35,869.36,218.72958214285714,2.4208703947656,203,234
15_18_37,871.47,218.67996428571428,2.7368109698038663,199,235
15_18_39,873.54,217.602425,2.682421982239851,197,234
15_18_41,875.65,219.392,2.393131600464725,199,233
15_18_43,877.73,218.48608214285716,2.5035387540944023,199,232
15_18_45,879.83,217.88588214285716,2.47067702701587,199,234
15_18_48,881.90,218.90085714285715,3.021813430402887,203,237
15_18_50,884.01,218.10559285714285,2.5016180774976955,201,233
15_18_52,886.09,218.89147857142856,3.016245577743149,201,238
15_18_54,888.19,218.4362,2.512943832013987,195,233
15_18_56,890.26,218.670075,3.1250364903155243,199,238
15_18_58,892.38,218.37795357142858,2.317109735514444,199,232
15_19_00,894.45,217.81767857142856,2.375423639714029,193,232
15_19_02,896.55,218.66998214285715,2.4552230767944447,201,233
15_19_04,898.63,218.210475,2.3123326787536738,197,233
15_19_06,900.73,217.97663571428572,2.5932488936542084,202,233
15_19_08,902.80,218.83955,2.741842200901222,193,234
15_19_11,904.91,217.64207142857143,2.483144894347998,195,231
15_19_13,906.99,217.66280714285713,2.5753337325936414,194,235
15_19_15,909.09,217.7917642857143,2.588019518889504,198,233
15_19_17,911.17,218.1152857142857,3.1648350087568646,197,237
15_19_19,913.27,217.63332142857143,2.5070536998290502,195,232
15_19_21,915.34,217.72869642857142,2.3412843119264606,200,232
15_19_23,917.45,216.56561785714285,3.0307674671081455,194,232
15_19_25,919.52,219.704775,2.7925966000845115,201,235
15_19_27,921.63,217.624625,2.4307929413384253,196,231
15_19_29,923.71,218.105075,2.5362215910012114,201,233
15_19_31,925.81,218.58671785714284,2.8787537008913096,203,235
15_19_34,927.88,218.0363357142857,3.0932774576738282,201,236
15_19_36,930.08,218.72683214285715,2.2677830663689362,201,233
15_19_38,932.08,218.9787107142857,2.682046190190202,201,235
15_19_40,934.16,218.27521071428572,2.589796970508814,199,233
15_19_42,936.26,218.11385714285714,5.209997338320446,167,240
15_19_44,938.33,218.51723214285715,2.590354950105924,201,233
15_19_46,940.44,218.17245357142858,2.5963832910941633,202,234
15_19_48,942.52,217.38872142857142,2.4103621410421687,200,231
15_19_50,944.62,218.7289357142857,2.7048466835629763,200,237
15_19_52,946.69,218.44317857142858,2.868544909302219,200,235
15_19_54,948.79,218.16063214285714,2.4133514397666946,200,232
15_19_57,950.89,218.552825,2.3768110879803697,202,234
15_19_59,952.96,218.5508,3.5675639051238948,191,239
15_20_01,955.07,217.75185357142857,2.3179266736186803,202,232
15_20_03,957.15,217.87162142857142,2.4559979815250466,197,233
15_20_05,959.25,217.2651,2.3202848941455443,199,232
15_20_07,961.32,218.49117142857142,4.011787175566623,199,239
15_20_09,963.43,218.55609642857144,2.5196491347269174,201,233
15_20_11,965.51,218.502925,2.4009489228405685,198,233
15_20_13,967.61,217.83835,2.4141009844690187,199,230
15_20_15,969.69,218.43317142857143,3.3688454485663963,200,237
15_20_17,971.79,218.21587857142856,2.3528015245291156,202,232
15_20_20,973.87,218.1609,2.7847371850858744,193,236
15_20_22,975.97,218.15750714285716,2.551104536684422,201,234
15_20_24,978.06,218.25227142857142,3.003216463448237,196,235
15_20_26,980.15,218.10106071428572,2.5943725397261677,199,233
15_20_28,982.23,217.92697142857142,2.4168771998559775,197,233
15_20_30,984.34,218.99954642857142,2.7016376927420134,201,236
15_20_32,986.41,218.24421785714287,2.4247128981082584,199,232
15_20_34,988.51,218.6128892857143,3.1308497720084243,202,238
15_20_36,990.59,218.39865357142858,2.8012434052937154,195,235
15_20_38,992.69,217.79550714285713,2.4288086056348948,200,234
15_20_40,994.78,218.14981428571429,2.4817041886163467,191,233
15_20_42,996.80,218.44813214285713,3.0428174931835756,203,235
15_20_45,998.89,217.9002392857143,2.5965419200818505,194,234
15_20_47,1000.97,218.26354642857143,2.46926617091888,200,232
15_20_49,1003.06,218.57835357142858,2.6740612511659574,197,236
15_20_51,1005.16,217.93589642857143,2.828491776924604,203,236
15_20_53,1007.24,217.75252857142857,2.495969758410137,191,234
15_20_55,1009.35,218.40804285714285,2.6059946603152966,202,234
15_20_57,1011.43,218.63855,2.728490615772233,199,236
15_20_59,1013.53,217.69147857142858,2.46159360974569,200,233
15_21_01,1015.60,218.3533857142857,3.6912179515046524,183,239
15_21_03,1017.71,218.70367142857143,2.731188272118036,202,233
15_21_05,1019.78,217.98143214285713,2.462052327480582,191,234
15_21_08,1021.88,218.593875,2.445515206910835,204,233
15_21_10,1023.96,218.56021071428572,2.457713010364265,201,234
15_21_12,1026.07,218.54208571428572,2.4277959301323797,201,232
15_21_14,1028.14,218.26095357142856,2.8109784172295065,198,239
15_21_16,1030.25,218.46033571428572,2.477235994613796,201,234
15_21_18,1032.33,218.65878214285715,2.75006279454976,197,236
15_21_20,1034.43,218.38226785714286,2.314708374034185,201,232
15_21_22,1036.50,218.28978571428573,2.567944416359163,194,232
15_21_24,1038.61,218.67820714285713,2.775624652980783,199,233
15_21_26,1040.68,218.38219642857143,3.8987059433669002,173,237
15_21_28,1042.79,218.4605,2.357922155809462,200,232
15_21_31,1044.86,217.826675,2.3635198965775293,197,232
15_21_33,1046.97,218.56549642857144,2.391306323357613,202,233
15_21_35,1049.04,217.57207857142856,6.200590787022818,172,239
15_21_37,1051.15,217.85320714285714,2.527075186841297,201,233
15_21_39,1053.23,218.05667857142856,2.4372778368143693,198,236
15_21_41,1055.33,218.2759607142857,2.4505027119580536,201,233
15_21_43,1057.41,219.2226892857143,2.9329797470002714,197,239
15_21_45,1059.50,218.0960892857143,2.3232979313343236,200,233
15_21_47,1061.58,217.61224285714286,2.646549256974417,197,234
15_21_49,1063.69,218.58201785714286,2.802803736510177,197,234
15_21_51,1065.76,217.70254285714284,2.8088707628598684,195,233
15_21_54,1067.87,218.09624642857142,2.417310529579478,203,233
15_21_56,1069.94,217.911725,2.52211440973711,202,232
15_21_58,1072.05,217.92880714285715,2.439160307495853,199,235
15_22_00,1074.13,217.74509285714285,2.4246695338788764,200,233
15_22_02,1076.23,218.64027857142858,3.1425684094562283,201,239
15_22_04,1078.31,218.83249642857143,2.732942497824609,202,234
15_22_06,1080.41,218.22966071428573,2.4827135699873817,201,234
15_22_08,1082.49,217.84983571428572,2.527357592740219,200,232
15_22_10,1084.60,218.6211607142857,2.7797389540642747,203,237
15_22_12,1086.68,218.1144607142857,2.5866240053175886,200,234
15_22_14,1088.79,218.6921,2.5555103803909147,198,233
15_22_17,1090.84,218.55116071428571,2.3834886816596152,198,233
15_22_19,1092.95,218.52909285714287,2.317123377923672,200,234
15_22_21,1095.03,218.40070357142858,2.4139366643043805,202,232
15_22_23,1097.13,218.3831392857143,2.454315587292731,194,233
15_22_25,1099.22,218.59448571428572,2.809906128288971,201,235
15_22_27,1101.30,218.30217142857143,2.3291245134564345,193,232
15_22_29,1103.38,218.63114642857144,2.3898536805153907,202,232
15_22_31,1105.48,218.730625,2.419583339739805,199,233
15_22_33,1107.58,218.16813214285713,2.3466844719965434,200,231
15_22_35,1109.68,218.6389607142857,2.597846070420549,198,234
15_22_37,1111.75,217.86351785714285,2.410298836622543,197,232
15_22_39,1113.86,218.639825,2.5526762646744188,201,233
15_22_42,1115.92,218.5387107142857,2.3664820292757778,201,232
15_22_44,1118.03,218.91447142857143,3.6740575865361276,190,240
15_22_46,1120.11,217.65872142857143,2.5268954005370117,195,233
15_22_48,1122.22,218.68220714285715,2.6172355617451144,201,235
15_22_50,1124.30,217.75733571428572,2.252963074679065,200,231
15_22_52,1126.40,218.703525,4.233723336338915,177,239
15_22_54,1128.47,218.8050607142857,2.269825849965349,191,231
15_22_56,1130.57,218.3302,2.454569375092678,201,234
15_22_58,1132.64,218.7601642857143,2.583584216080759,198,235
15_23_00,1134.75,218.12290714285714,2.429972276139405,199,233
15_23_02,1136.83,218.134425,2.478187253262381,200,233
15_23_05,1138.93,218.814525,2.553253335609996,200,233
15_23_07,1141.01,218.66212857142858,2.3962947673524675,198,232
15_23_09,1143.11,217.75161785714286,2.293429097529594,200,231
15_23_11,1145.20,218.4092107142857,3.096794451853088,186,238
15_23_13,1147.30,218.52427857142857,2.245877933866071,195,232
15_23_15,1149.37,218.8195,2.5027795476800816,202,233
15_23_17,1151.48,219.25707142857144,2.4578780036064125,199,234
15_23_19,1153.55,217.72148928571428,2.529611700134357,190,233
15_23_21,1155.65,218.23613928571427,3.8351940286955952,175,240
15_23_23,1157.74,217.90415357142857,2.6406051588579547,200,232
15_23_25,1159.84,217.2996892857143,2.710761077214727,201,233
15_23_28,1161.91,217.86880357142857,2.4048756273130607,195,232
15_23_30,1164.01,217.89595357142858,2.4385415836083757,199,231
15_23_32,1166.09,218.82301071428572,2.5492253318885614,200,234
15_23_34,1168.19,218.03841785714286,2.6199998221855956,200,232
15_23_36,1170.27,217.23497857142857,2.580428964803713,195,231
15_23_38,1172.37,218.62102857142858,3.6597202194837193,199,241
15_23_40,1174.45,217.9974892857143,2.321061360492419,198,232
15_23_42,1176.54,218.957375,2.7307117535184067,198,234
15_23_44,1178.64,218.4642107142857,2.7601367432273665,197,235
15_23_46,1180.72,218.78598214285714,2.9565145864144013,200,236
15_23_48,1182.83,218.16237142857142,2.4645283128619075,200,232
15_23_51,1184.90,218.11470714285716,2.7027022429847305,196,233
15_23_53,1187.00,218.2773,2.7828834729980545,199,233
15_23_55,1189.08,218.23603214285714,3.3523551804827743,197,238
15_23_57,1191.19,217.90418214285714,2.4214062492623656,201,231
15_23_59,1193.27,217.88538571428572,2.462688570258455,196,231
15_24_01,1195.36,217.36930357142856,2.6255619563087476,199,232
15_24_03,1197.45,217.51181785714286,3.8727596725216107,169,238
15_24_05,1199.54,218.939175,2.2960346947237102,198,233
15_24_07,1201.63,218.55178214285715,2.7351267995617903,196,235
15_24_09,1203.73,218.27741785714286,2.3868927897333645,202,232
15_24_11,1205.80,218.5648857142857,2.892493459890654,196,235
15_24_14,1207.91,218.30171785714285,2.508424073931902,198,232
15_24_16,1209.98,217.40519285714285,2.6840835424416514,191,233
15_24_18,1212.09,218.26306428571428,2.5941205575870825,198,234
15_24_20,1214.19,217.35577142857142,2.6812453618817216,190,232
15_24_22,1216.26,217.76076785714287,2.6849035862649266,199,234
15_24_24,1218.35,216.86105,2.7789849195730234,194,234
15_24_26,1220.46,217.80900714285715,2.7371792597396647,199,233
15_24_28,1222.53,217.8266392857143,2.7234431316467353,191,234
15_24_30,1224.62,217.57815,2.526308657833175,198,232
15_24_32,1226.71,217.65781071428572,2.5750387084246333,195,231
15_24_34,1228.81,217.1847,2.636492566433128,200,232
15_24_37,1230.88,218.49215714285714,2.6109281170589473,201,234
15_24_39,1232.98,218.53051071428573,2.6871515368560925,199,235
15_24_41,1235.07,217.85334285714285,2.7151438208984926,198,233
15_24_43,1237.17,217.59191785714285,2.8479367908507234,201,233
15_24_45,1239.25,217.9422857142857,2.5025011325406723,195,232
15_24_47,1241.35,217.69626785714286,2.615149613249904,201,235
15_24_49,1243.42,217.15011785714285,2.630974219419976,196,232
15_24_51,1245.53,217.98521785714286,2.6042038930974623,197,233
15_24_53,1247.60,217.82035357142857,2.5014357341595046,199,232
15_24_55,1249.70,217.85730714285714,3.0549426283984653,201,237
15_24_57,1251.78,218.43857142857144,2.926192936571479,197,234
15_25_00,1253.83,217.86953214285714,2.6745259117343143,195,234
15_25_02,1255.98,217.42215714285715,2.4940839551438767,196,232
15_25_04,1258.06,218.13068214285715,2.5286862835067954,199,234
15_25_06,1260.15,218.32382142857142,2.6408623531173,200,234
15_25_08,1262.24,217.9337642857143,2.8347244716467697,202,235
15_25_10,1264.35,218.46424285714286,2.907353975872289,193,235
15_25_12,1266.41,218.09020714285714,3.417071400642931,203,239
15_25_14,1268.52,217.63396428571428,2.7533881722880844,199,234
15_25_16,1270.60,217.47502857142857,2.7099903793789624,196,233
15_25_18,1272.69,218.19157142857142,2.75752484030479,203,234
15_25_20,1274.77,217.77654642857144,3.120031009688175,200,235
15_25_23,1276.88,217.45921071428572,2.4347617554084193,200,231
15_25_25,1278.95,217.745375,2.54919280685433,195,235
15_25_27,1281.05,218.46679642857143,2.538903944053438,200,232
15_25_29,1283.14,218.99655,2.903371603658163,195,235
15_25_31,1285.24,218.61905,2.440826548601343,201,233
15_25_33,1287.31,218.024125,2.8392252688422146,189,236
15_25_35,1289.43,218.51852857142856,2.629819299720738,200,235
15_25_37,1291.49,219.04449642857142,3.3780407566455843,200,239
15_25_39,1293.60,217.94952142857142,2.3550451435401922,196,232
15_25_41,1295.68,219.261775,2.9136278796036343,203,237
15_25_43,1297.78,218.40188214285715,2.418934541214607,195,232
15_25_46,1299.86,218.7975607142857,3.1921377375670192,199,238
15_25_48,1301.97,218.86215,2.4195153482375646,200,232
15_25_50,1304.05,218.950125,2.588919035058703,197,233
15_25_52,1306.14,218.77790357142857,2.7391144876430076,199,234
15_25_54,1308.22,218.69,2.532147592177721,198,233
15_25_56,1310.32,218.95778928571428,2.695456568513458,197,234
15_25_58,1312.39,218.0231357142857,2.566417825103738,199,233
15_26_00,1314.50,218.25642857142856,2.793213988894353,200,235
15_26_02,1316.57,218.48728214285714,2.8112901916778315,197,234
15_26_04,1318.68,218.60709642857142,3.5154102074175952,200,238
15_26_06,1320.76,219.0953357142857,2.3904311539096104,197,233
15_26_08,1322.86,218.70163214285714,2.8846530207973724,196,235
15_26_11,1324.93,217.73546071428572,2.5303686282605553,196,233
15_26_13,1327.04,219.69440357142858,2.6923237642259554,202,233
15_26_15,1329.13,218.34620714285714,3.9533238149262786,184,239
15_26_17,1331.22,218.4033892857143,2.5131202742292986,201,231
15_26_19,1333.29,219.09737142857142,2.6710586888317662,200,234
15_26_21,1335.39,218.11869642857144,2.9201725268236833,196,234
15_26_23,1337.50,218.7146892857143,3.7261529294242117,199,238
15_26_25,1339.56,217.790625,2.620083416491735,199,233
15_26_27,1341.67,217.99454642857143,2.769742556626382,200,236
15_26_29,1343.75,218.5044892857143,2.730099656061672,202,233
15_26_31,1345.85,218.690075,3.8178958389710087,182,239
15_26_34,1347.92,217.56730357142857,2.7173921743599987,199,232
15_26_36,1350.03,217.662025,2.8446625533149166,197,233
15_26_38,1352.11,218.58832857142858,2.9297705040372235,201,235
15_26_40,1354.22,219.07815357142857,3.4855409322946604,198,239
15_26_42,1356.28,217.96597857142856,2.5273404371503063,196,233
15_26_44,1358.39,218.1972357142857,2.781928583633803,199,234
15_26_46,1360.47,218.28677142857143,3.0439186452964986,200,236
15_26_48,1362.57,218.22621785714287,2.7274269236712536,193,233
15_26_50,1364.64,218.05910357142858,2.6244325202905623,202,232
15_26_52,1366.76,217.57445714285714,3.000448607819048,198,234
15_26_54,1368.83,217.58481785714287,2.927867130029929,200,234
15_26_57,1370.93,217.95655,2.7055468072224196,193,235
15_26_59,1373.01,217.7268107142857,4.737682500053562,179,237
15_27_01,1375.11,217.89293571428573,2.628265606035156,189,231
15_27_03,1377.18,218.02087857142857,2.9105534229957444,198,236
15_27_05,1379.29,218.49585714285715,2.693002303779792,195,233
15_27_07,1381.37,217.4712142857143,2.600325520242512,198,233
15_27_09,1383.48,218.33454285714285,2.9510365621287056,197,235
15_27_11,1385.55,218.43913571428573,2.841539290371416,194,237
15_27_13,1387.65,218.7324357142857,2.657184747356049,201,233
15_27_15,1389.74,217.783775,2.433154984366271,202,231
15_27_17,1391.83,219.5368107142857,4.189945700282257,200,241
15_27_20,1393.91,217.79815,2.7318752335686405,199,232
15_27_22,1396.02,218.54607142857142,2.602145871728774,194,233
15_27_24,1398.09,218.6893107142857,2.5622180729704946,200,233
15_27_26,1400.19,218.28045357142858,2.792627936957045,197,234
15_27_28,1402.28,218.166725,3.039527557758771,197,235
15_27_30,1404.37,218.50620357142859,2.709232379684346,200,234
15_27_32,1406.45,218.96005,2.478763458503914,200,233
15_27_34,1408.56,218.84619285714285,3.574957612928396,199,239
15_27_36,1410.64,217.86662142857142,2.615813752019647,200,233
15_27_38,1412.73,218.4988857142857,2.795584306636129,198,235
15_27_40,1414.82,219.26097142857142,3.6565139017196953,200,240
15_27_43,1416.92,219.30272857142856,3.885854160271324,186,240
15_27_45,1419.01,218.09170357142858,2.6149490075582933,192,232
15_27_47,1421.09,217.73341428571428,2.6693531693376693,195,232
15_27_49,1423.17,218.04259285714286,2.963045029782776,195,233
15_27_51,1425.27,218.33889642857142,3.4506514804124966,202,236
15_27_53,1427.35,217.76725,2.8788190054380682,199,234
15_27_55,1429.46,218.21488214285714,2.744632545084727,199,233
15_27_57,1431.54,217.82260714285715,2.92410724885496,195,234
15_27_59,1433.63,218.2752607142857,3.2799672423058577,196,237
15_28_01,1435.71,218.01058571428572,2.4881724675687877,199,231
15_28_03,1437.82,218.29075357142858,3.3345434796751996,200,238
15_28_06,1439.90,218.32296071428573,3.247880619709598,201,236
15_28_08,1442.00,218.12066071428572,2.92912497768279,202,233
15_28_10,1444.07,217.85204642857144,2.6314279986596825,200,234
15_28_12,1446.20,217.54267857142858,3.1722783560261933,197,235
15_28_14,1448.26,218.12459642857144,3.0346829702601954,192,236
15_28_16,1450.35,217.85033928571428,2.9075305352578216,199,234
15_28_18,1452.43,217.34414642857143,2.6774192704892608,201,232
15_28_20,1454.54,217.57300357142856,3.2690495200092893,196,236
15_28_22,1456.61,218.2225642857143,3.2304147449574914,197,237
15_28_24,1458.72,218.1203607142857,2.812508237173879,197,233
15_28_26,1460.79,217.89215,2.7872677005703737,200,234
15_28_29,1462.90,217.917675,2.8055361891554194,201,233
15_28_31,1464.97,217.93618571428573,2.7463233645463276,196,234
15_28_33,1467.09,217.7808357142857,2.914503611523175,195,235
15_28_35,1469.15,217.18528571428573,2.9273460537434497,199,234
15_28_37,1471.26,218.07014642857143,2.9873634182744473,200,234
15_28_39,1473.33,218.12844642857144,2.842399278399216,193,234
15_28_41,1475.45,218.0008,2.6344095440372,199,231
15_28_43,1477.52,218.24474642857143,4.185363430198672,169,238
15_28_45,1479.62,217.75555,2.6296838316883,198,233
15_28_47,1481.69,218.08129642857142,2.947192640824501,199,234
15_28_49,1483.80,218.24018928571428,3.160306014775794,202,237
15_28_52,1485.88,218.23482142857142,3.0176732350979503,201,235
15_28_54,1487.98,217.91344285714285,2.5894347156734216,199,231
15_28_56,1490.05,218.08133928571428,2.9567951386641687,200,234
15_28_58,1492.16,217.77341071428572,2.6386895034466424,199,234
15_29_00,1494.23,217.57453928571428,2.5368247099811447,200,231
15_29_02,1496.34,218.45988571428572,3.6405648287941608,203,238
15_29_04,1498.41,217.45441428571428,2.837023178277124,194,233
15_29_06,1500.52,217.8507642857143,2.900114552197438,198,234
15_29_08,1502.60,217.5001107142857,2.5851264106752923,191,232
15_29_10,1504.70,217.94976428571428,2.9789435953771894,201,239
15_29_12,1506.78,218.17061071428571,3.1326852673339083,196,235
15_29_15,1508.89,217.78021785714284,2.8775707926693967,194,233
15_29_17,1510.96,218.0170642857143,2.6945437374461387,196,236
15_29_19,1513.06,217.76821785714284,2.6873756255012555,197,232
15_29_21,1515.13,217.63217142857144,2.6498561954050506,198,234
15_29_23,1517.24,217.72251785714286,2.94291645002436,196,236
15_29_25,1519.32,217.69245,2.8137529839420616,199,235
15_29_27,1521.47,218.12444642857142,3.2653585802855387,192,234
15_29_29,1523.51,217.6126607142857,2.6098919776276572,196,233
15_29_31,1525.60,217.37364285714287,2.6965636096744334,195,232
15_29_33,1527.68,217.59737142857142,2.903114869886326,197,233
15_29_35,1529.78,218.04244285714285,3.3827121457523415,195,237
15_29_38,1531.86,218.03143571428572,2.7317611423264094,196,233
15_29_40,1533.96,218.1570607142857,2.8032748329714154,200,236
15_29_42,1536.03,217.70897857142856,3.082903216514907,195,236
15_29_44,1538.15,217.6477642857143,2.788924780296712,195,234
15_29_46,1540.23,217.85729285714285,2.509940030576794,194,231
15_29_48,1542.31,218.30149642857143,3.1007136119865493,201,238
15_29_50,1544.41,217.330575,3.0309973885463846,200,234
15_29_52,1546.50,218.1892357142857,3.0733167032905166,196,234
15_29_54,1548.59,217.69055714285713,2.679532630546466,197,232
15_29_56,1550.67,217.8908392857143,2.9804712611358344,196,234
15_29_58,1552.76,217.70264285714285,2.6944360954472417,198,233
15_30_01,1554.86,217.66428214285713,2.7549586370441173,194,232
15_30_03,1556.94,217.7882642857143,2.838667341026455,197,233
15_30_05,1559.05,217.41456785714286,2.8317008882287342,190,234
15_30_07,1561.14,217.94005,2.744885945652908,195,233
15_30_09,1563.23,217.07716428571428,2.739818026049787,189,232
15_30_11,1565.30,217.50105714285715,2.588915718352897,197,231
15_30_13,1567.40,217.9297892857143,3.2667582924535106,196,238
15_30_15,1569.48,217.61445357142858,2.6163456701478744,195,232
15_30_17,1571.59,217.85453928571428,2.766696412283492,195,233
15_30_19,1573.67,217.73574642857142,2.902731849972433,196,235
15_30_21,1575.75,217.86475357142857,3.1662434665187957,192,234
15_30_23,1577.85,217.88808928571427,2.9604067515943147,195,235
15_30_26,1579.92,217.59358571428572,2.638459832082005,196,232
15_30_28,1582.03,217.0444892857143,2.615613009935213,200,232
15_30_30,1584.11,217.59898214285715,3.070287742396418,197,233
15_30_32,1586.21,217.45005,2.753646542898033,194,233
15_30_34,1588.29,217.4277392857143,2.749710341217687,192,232
15_30_36,1590.40,217.57882142857142,3.399124052642843,192,239
15_30_38,1592.47,217.43392857142857,3.087578615870967,199,233
15_30_40,1594.57,217.13962142857142,2.7194035847375937,198,231
15_30_42,1596.65,217.01311785714284,2.7636743257784264,195,233
15_30_44,1598.76,217.33177142857141,4.152967855028253,183,239
15_30_46,1600.83,217.384675,2.7098919591174266,193,233
15_30_49,1602.93,217.62760357142858,2.781902517032716,200,233
15_30_51,1605.01,217.09847142857143,2.453416674304449,199,231
15_30_53,1607.11,217.84686071428573,3.9785902656629597,198,238
15_30_55,1609.20,217.06569642857144,2.7380718673368554,194,232
15_30_57,1611.30,216.93969642857144,2.669181772831483,194,230
15_30_59,1613.37,217.24445,2.9251070647682527,201,234
15_31_01,1615.48,217.63319642857144,3.306325344373174,194,237
15_31_03,1617.55,216.9852857142857,2.6989769074482233,196,232
15_31_05,1619.66,217.30932857142858,3.016777155562958,199,236
15_31_07,1621.76,217.6955392857143,3.3799883920805835,197,235
15_31_09,1623.83,216.96761785714287,3.2514323168581716,197,235
15_31_12,1625.92,216.98464285714286,2.550498525698817,190,231
15_31_14,1628.01,216.13507142857142,2.6729635763721595,196,231
15_31_16,1630.11,216.93638928571428,2.802628886782562,201,233
15_31_18,1632.18,216.81755357142856,2.8491356610360348,194,233
15_31_20,1634.29,216.658575,2.6665997017503393,198,232
15_31_22,1636.37,217.36146071428573,2.681402832852248,195,231
15_31_24,1638.47,217.2916392857143,2.6815653927509375,193,233
15_31_26,1640.54,216.87562142857143,2.5616027292298775,194,232
15_31_28,1642.64,218.43964642857142,3.524847557492192,200,238
15_31_30,1644.73,216.99529642857144,2.6616139071438463,194,231
15_31_32,1646.82,216.60716071428573,2.6551625204279308,186,231
15_31_35,1648.86,217.1690607142857,2.602026801338757,194,232
15_31_37,1650.87,217.49566071428572,2.873004107057788,198,233
15_31_39,1652.95,216.66106428571428,2.5961691027652765,193,231
15_31_41,1655.04,217.47949285714284,2.7367174341233502,195,233
15_31_43,1657.14,217.50294642857142,3.3004315568446225,196,236
15_31_45,1659.21,217.8377357142857,3.534491115343024,195,238
15_31_47,1661.33,216.25752857142857,2.575020200871822,193,231
15_31_49,1663.40,218.31707142857144,2.5150535343432048,195,232
15_31_51,1665.50,219.219725,2.8086847829703645,201,234
15_31_53,1667.58,218.40501785714287,3.696129225241066,192,237
15_31_55,1669.68,216.66242142857143,2.836529190924957,199,234
15_31_57,1671.76,217.14236428571428,2.6324561282756296,200,233
15_31_59,1673.85,216.85969285714285,2.707526476315417,198,231
15_32_02,1675.93,217.92355,3.6197096920392466,198,239
15_32_04,1678.03,216.98431785714286,2.694642926060304,198,232
15_32_06,1680.14,216.44565357142858,3.159887549082148,194,235
15_32_08,1682.21,217.52994285714286,2.607113181200969,199,234
15_32_10,1684.30,218.95829285714285,4.105365367412379,199,241
15_32_12,1686.41,217.46795357142858,2.7211725724902047,197,234
15_32_14,1688.49,216.50558214285715,2.7531224319661862,195,232
15_32_16,1690.58,217.4979607142857,3.125690115551545,195,234
15_32_18,1692.67,216.48982857142857,5.126595581506945,177,237
15_32_20,1694.75,216.63796071428573,2.5430709188806815,196,231
15_32_22,1696.85,217.26076785714287,3.1466325736019054,196,235
15_32_25,1698.93,216.89007857142857,2.6296719229588237,193,231
15_32_27,1701.03,216.877225,2.706788004143472,192,231
15_32_29,1703.11,216.77832142857142,3.5395340750036928,197,237
15_32_31,1705.22,217.79814642857144,2.704728952618007,198,231
15_32_33,1707.30,216.41597142857142,2.7566523277929944,190,232
15_32_35,1709.39,217.3982892857143,2.797521467151042,198,233
15_32_37,1711.46,218.20477142857143,3.0858566912907137,201,237
15_32_39,1713.58,215.74553571428572,2.503602703849892,194,230
15_32_41,1715.66,219.793575,2.7644967518164267,200,234
15_32_43,1717.74,216.65795714285716,2.6804969365277573,200,231
15_32_45,1719.82,217.65846785714285,3.6322900208264493,199,237
15_32_48,1721.94,215.97999642857144,2.6006242107812367,196,231
15_32_50,1724.01,216.578225,2.6195900973141635,197,232
15_32_52,1726.11,216.52948928571428,2.7485440996539143,198,232
15_32_54,1728.18,218.765325,2.909877722286748,195,236
15_32_56,1730.29,218.57266071428572,2.301502395771585,201,233
15_32_58,1732.37,217.86820357142858,3.2001502846386694,191,236
15_33_00,1734.48,217.18096428571428,2.6045170512310074,198,231
15_33_02,1736.54,217.25965357142857,2.771871084404662,195,233
15_33_04,1738.65,216.65667857142856,2.7876311699256084,196,234
15_33_06,1740.73,216.68024642857142,3.087822362000923,191,234
15_33_08,1742.83,216.56180357142858,2.552543891602782,198,232
15_33_11,1744.91,216.31808214285715,2.699641279153527,197,232
15_33_13,1747.01,216.43547142857142,2.839674338578928,196,233
15_33_15,1749.10,216.39391785714287,2.7655011442714743,198,232
15_33_17,1751.20,216.38960714285713,2.758239446760064,194,234
15_33_19,1753.27,216.29227142857144,2.630902666502933,195,231
15_33_21,1755.37,216.51388571428572,2.895306554422455,200,238
15_33_23,1757.44,216.72985357142858,3.00761465402902,192,232
15_33_25,1759.56,216.76685714285713,3.2103529146707057,196,238
15_33_27,1761.63,216.82228571428573,3.0104336049472873,196,234
15_33_29,1763.74,216.60397142857144,2.7283205088815485,198,232
15_33_31,1765.81,216.3415892857143,2.5301677617783267,199,231
15_33_34,1767.91,216.23942857142856,2.6543069505532135,199,231
15_33_36,1769.99,216.43360357142856,2.6487083267108225,196,232
15_33_38,1772.10,216.42328571428573,2.56818736601105,197,231
15_33_40,1774.18,217.14326785714286,2.760946919543776,200,233
15_33_42,1776.37,216.13843214285714,2.460643957317093,198,230
15_33_44,1778.50,216.3331357142857,2.931150290319276,196,235
15_33_46,1780.58,216.93339285714285,2.7697265058290212,198,231
15_33_48,1782.60,216.90948214285714,2.9356021680341557,197,236
15_33_50,1784.64,217.04555,2.9302590422423163,196,234
15_33_52,1786.72,216.75952142857142,2.7402356623573643,196,235
15_33_54,1788.82,216.6567357142857,2.5320090106776996,197,231
15_33_57,1790.90,217.12634642857142,3.6147817768536123,180,236
15_33_59,1792.99,216.66867857142856,2.508979097356012,195,232
15_34_01,1795.07,216.12069285714287,2.7322448290120835,193,231
15_34_03,1797.24,217.0553,2.802754853201196,192,232
15_34_05,1799.25,217.4749,3.3644271414313613,194,236
15_34_07,1801.35,216.2762392857143,2.474906001077802,195,230
15_34_09,1803.44,216.540275,2.7207219491111174,199,232
15_34_11,1805.53,216.75773214285715,3.0095091910658285,196,236
15_34_13,1807.61,216.54067857142857,2.6577989490980185,200,231
15_34_15,1809.72,216.59351785714287,3.009445389644502,189,235
15_34_17,1811.79,216.76770714285715,3.038112200496572,199,233
15_34_20,1813.90,216.52836785714285,2.7414546934264106,195,233
15_34_22,1815.98,216.37859642857143,2.6156173324833363,199,233
15_34_24,1818.07,216.87724642857142,5.160928016284761,174,238
15_34_26,1820.16,217.28565714285713,2.935694125200153,199,234
15_34_28,1822.25,217.08192142857143,2.664147469019625,192,232
15_34_30,1824.35,216.03526428571428,2.5836130573584466,197,231
15_34_32,1826.43,216.92154285714287,2.81968238680334,198,235
15_34_34,1828.53,216.97507857142858,2.656713933113228,196,232
15_34_36,1830.60,216.93495714285714,2.749406065398304,198,233
15_34_38,1832.71,216.7281392857143,2.630627770383673,196,231
15_34_40,1834.78,216.70890714285713,2.5008157137691485,199,231
15_34_43,1836.89,216.44491428571428,2.8628085348026286,187,234
15_34_45,1838.97,216.9079142857143,2.5725165985462404,199,230
15_34_47,1841.06,216.96559285714287,2.8195582997454167,198,233
15_34_49,1843.15,216.66167142857142,2.558183966474368,199,231
15_34_51,1845.25,217.093925,2.9593392520393316,189,235
15_34_53,1847.32,216.775125,2.5829521769983885,195,233
15_34_55,1849.43,216.7699357142857,2.5500964399430472,198,230
15_34_57,1851.51,217.74579642857142,4.0835014528834845,199,239
15_34_59,1853.60,216.682775,2.520364290438558,199,231
15_35_01,1855.68,216.67252857142856,2.7500009673838743,197,232
15_35_03,1857.78,216.90218214285716,2.866094821175119,194,235
15_35_06,1859.87,217.31510714285713,3.037240345624929,198,234
15_35_08,1861.99,216.986325,2.6438058595415868,195,232
15_35_10,1864.05,216.85265357142856,2.7225906310484795,195,231
15_35_12,1866.15,216.92588214285715,2.7061641488267862,197,234
15_35_14,1868.23,216.72774285714286,2.6514263637613964,195,232
15_35_16,1870.33,216.86694642857142,2.8070803904695487,195,235
15_35_18,1872.40,217.0172107142857,2.6453247583289388,199,233
15_35_20,1874.51,216.964575,2.6920754204470203,197,231
15_35_22,1876.58,216.88863214285715,2.821605556182707,200,233
15_35_24,1878.70,217.4272357142857,2.5064242461286623,199,232
15_35_26,1880.77,217.74091071428572,3.027767546139669,198,235
15_35_29,1882.87,217.32123928571428,2.644891632919051,197,232
15_35_31,1884.95,217.34456428571428,2.9905715691407653,197,234
15_35_33,1887.05,217.6847857142857,2.603657583328593,197,234
15_35_35,1889.13,216.33655714285715,2.4286990940814044,193,230
15_35_37,1891.23,217.6514,3.3432938480315646,195,239
15_35_39,1893.30,219.08674642857142,4.354090858030783,201,239
15_35_41,1895.41,219.53768214285714,3.3406898430620986,197,236
15_35_43,1897.49,217.1275107142857,2.903060260291751,195,232
15_35_45,1899.59,217.64158571428572,2.8678046456323005,195,232
15_35_47,1901.66,218.76229642857143,3.802372456486133,197,239
15_35_49,1903.78,215.19925714285714,12.473462265014263,151,238
15_35_52,1905.85,218.3419,4.190051665723058,196,239
15_35_54,1907.95,217.82695357142856,3.193581946317393,194,238
15_35_56,1910.04,217.72129285714286,4.549679836453847,182,239
15_35_58,1912.13,216.6556107142857,2.79968996087568,199,232
15_36_00,1914.21,216.87226071428572,3.028098265158618,193,236
15_36_02,1916.32,216.81177857142856,2.8480296160374685,196,233
15_36_04,1918.40,217.65306785714284,4.053753844415038,195,239
15_36_06,1920.47,216.84756071428572,2.667778927690235,199,231
15_36_08,1922.59,216.97778571428572,2.8327257362721823,190,233
15_36_10,1924.66,216.73339642857144,2.835808847827338,199,232
15_36_12,1926.76,216.5899,2.7495525851620712,184,233
15_36_15,1928.85,217.30193571428572,2.7762254378168993,202,232
15_36_17,1930.94,216.35048214285715,2.6701674873302252,189,231
15_36_19,1933.01,217.90335357142857,3.9657253214244736,196,239
15_36_21,1935.13,217.84876428571428,3.9547032453427504,191,241
15_36_23,1937.20,217.20203928571428,2.6366181230940637,197,232
15_36_25,1939.30,216.7977892857143,2.902548161017843,188,232
15_36_27,1941.38,216.67159285714285,2.6955384100303563,201,231
15_36_29,1943.48,215.47855,6.699563197728426,169,237
